height_mm,mean_x,mean_x_shift,mean_y_shift,mean_beam_width,std_x,valid_measurements,pchip_leave_one_out_error_mm,rational_leave_one_out_error_mm,poly3_leave_one_out_error_mm,poly4_leave_one_out_error_mm,selected_(rational)_in_sample_error_mm
0.0,1187.924729024299,0.0,0.0,105.33333333333333,0.05084703536702095,30,,,,,-0.34807726233520425
3.0,1242.7125798410457,54.78785081674664,-1.7841104778028694,67.73333333333333,0.44884870513298025,30,0.4538047113970958,0.5097712790977869,0.5011934544898375,0.5049119399399973,0.3857002857784164
6.0,1283.9429719680043,96.01824294370522,-1.1292070878898812,75.3,0.393753121384702,30,-0.3725318424639221,0.07121781597299481,0.041567107395926506,-0.003077751852472055,0.05949483471429673
9.0,1333.6451854907202,145.72045646642118,-0.139586880475008,82.3,0.350449856989523,30,0.3523287678173119,0.1571702605647154,0.12882332559059506,0.06537769288871331,0.13850767728885138
12.0,1377.7049146715171,189.7801856472181,1.57452473345802,84.36666666666666,0.26062426377688547,30,-0.5202930313029377,-0.2853967577065575,-0.3227892097318428,-0.4286878138718748,-0.25524973150638
15.0,1440.3567505340836,252.4320215097846,0.012324414813747353,79.96666666666667,0.6079092402632659,30,0.5183214936438638,0.2987076137281761,0.3083519947143749,0.2683439537250365,0.2659213923036763
18.0,1488.954173917567,301.02944489326796,2.699744785759094,82.53333333333333,0.35828436781557343,30,-0.39149546361894494,-0.16094091224035267,-0.16031505459713102,-0.18749231993214366,-0.14166023550963658
21.0,1551.4049065581362,363.48017753383715,2.9430387763727595,90.5,0.3699485618973877,30,0.14825729557799505,0.02927198404998066,0.057480466743324854,0.07067047189628539,0.02538134265772385
24.0,1613.1207647822957,425.1960357579967,3.7981599592817474,92.18181818181819,0.36656735428527426,22,-0.09675319376788138,-0.0150284013900297,0.0232851527311837,0.07210108171895158,-0.012907782990552619
27.0,1678.9907416621368,491.06601263783773,4.792359254896837,98.1,0.5818317715455772,30,0.18720300895787645,-0.025020118631850607,0.015836582638794283,0.09361069856009863,-0.021429865625712807
30.0,1741.494796139988,553.570067115689,5.804341664761296,97.73333333333333,0.4708025021460655,30,-0.3234363732541361,-0.38680854991532954,-0.3665771730773031,-0.31926899828989974,-0.33211954907566366
34.0,1849.8370994469471,661.9123704226481,5.966395967781409,95.96666666666667,0.6615036386868023,30,0.12816584928034302,0.019658000669565467,0.023517409830112967,0.08292365409868552,0.016997679158222923
40.0,2024.874423908546,836.949694884247,6.193280567387319,103.26666666666667,3.3927268353715103,30,0.14559416669251135,0.3735041276334101,0.408752171972111,0.3504246788510841,0.3124640887297545
46.0,2204.255242383092,1016.330513358793,9.989409021844267,105.06666666666666,0.7533256933031206,30,-0.243618258478989,-0.033698311650205426,-0.13247177255188092,-0.4495506853737794,-0.02339672629311451
50.0,2344.1450394969584,1156.2203104726593,9.114311279284493,110.43333333333334,0.8312255891511311,30,,,,,-0.06962629056672398
