height_mm,mean_x,mean_y,mean_x_shift,mean_y_shift,median_x,median_y,std_x,std_y,mean_beam_width,valid_measurements,saturated_shots
0.0,1187.924729024299,1419.2199651520625,0.0,0.0,1187.926684271532,1419.2208228226618,0.05084703536702095,0.052099806755565595,105.33333333333333,30,30
3.0,1242.7125798410457,1417.4358546742596,54.78785081674664,-1.7841104778028694,1242.7144754893443,1417.4349747639535,0.44884870513298025,0.2755464316038109,67.73333333333333,30,0
6.0,1283.9429719680043,1418.0907580641726,96.01824294370522,-1.1292070878898812,1283.9987214794933,1418.0739330074505,0.393753121384702,0.2287412037113723,75.3,30,0
9.0,1333.6451854907202,1419.0803782715875,145.72045646642118,-0.139586880475008,1333.7330353431607,1419.0887064414023,0.350449856989523,0.1906599205903049,82.3,30,0
12.0,1377.7049146715171,1420.7944898855205,189.7801856472181,1.57452473345802,1377.7123113183934,1420.7888862741302,0.26062426377688547,0.17302797297826128,84.36666666666666,30,0
15.0,1440.3567505340836,1419.2322895668763,252.4320215097846,0.012324414813747353,1440.280088298945,1419.2657860641157,0.6079092402632659,0.2619492646744064,79.96666666666667,30,0
18.0,1488.954173917567,1421.9197099378216,301.02944489326796,2.699744785759094,1488.9508344564874,1421.9052680900613,0.35828436781557343,0.18058287414691288,82.53333333333333,30,0
21.0,1551.4049065581362,1422.1630039284353,363.48017753383715,2.9430387763727595,1551.3004538190953,1422.1767997866718,0.3699485618973877,0.2034739659274661,90.5,30,0
24.0,1613.1207647822957,1423.0181251113443,425.1960357579967,3.7981599592817474,1613.0605481229977,1423.049136429222,0.36656735428527426,0.22359860603767598,92.18181818181819,22,0
27.0,1678.9907416621368,1424.0123244069594,491.06601263783773,4.792359254896837,1679.0779783891708,1423.9749495358128,0.5818317715455772,0.31188377639623144,98.1,30,0
30.0,1741.494796139988,1425.0243068168238,553.570067115689,5.804341664761296,1741.495268406092,1425.087449547632,0.4708025021460655,0.2505963112727133,97.73333333333333,30,0
34.0,1849.8370994469471,1425.186361119844,661.9123704226481,5.966395967781409,1849.7561716227408,1425.1620348722981,0.6615036386868023,0.43639916927777556,95.96666666666667,30,0
40.0,2024.874423908546,1425.4132457194498,836.949694884247,6.193280567387319,2023.4944776471348,1425.26179827582,3.3927268353715103,0.6288638332762903,103.26666666666667,30,0
46.0,2204.255242383092,1429.2093741739068,1016.330513358793,9.989409021844267,2204.3290614097996,1429.2600133880082,0.7533256933031206,0.4838877843983206,105.06666666666666,30,0
50.0,2344.1450394969584,1428.334276431347,1156.2203104726593,9.114311279284493,2344.0899295229146,1428.4499517187783,0.8312255891511311,0.3872055430955374,110.43333333333334,30,0
