height_mm,measurement_number,pixel_x,pixel_y,pixel_x_shift,pixel_y_shift,beam_width,peak_red,saturated,used_in_average
0,1,1187.9708943347223,1419.2562119479678,,,105,255.0,1,1
0,2,1187.927295432723,1419.1475343451107,,,105,255.0,1,1
0,3,1187.9621504793843,1419.131286918823,,,105,255.0,1,1
0,4,1187.959364420752,1419.2164307404396,,,105,255.0,1,1
0,5,1187.8886810596287,1419.2308971826612,,,105,255.0,1,1
0,6,1187.8646023482393,1419.2225061476895,,,105,255.0,1,1
0,7,1188.0181930956558,1419.3369649099554,,,105,255.0,1,1
0,8,1187.9888359469533,1419.1969561698293,,,106,255.0,1,1
0,9,1187.9047628369872,1419.2187097411643,,,105,255.0,1,1
0,10,1187.9719740380592,1419.2002144761786,,,106,255.0,1,1
0,11,1187.8964565802485,1419.2191394976344,,,104,255.0,1,1
0,12,1187.8592630769256,1419.2467220655865,,,106,255.0,1,1
0,13,1187.9191332664616,1419.1689576203064,,,105,255.0,1,1
0,14,1187.9286253349876,1419.2532118615625,,,106,255.0,1,1
0,15,1187.8752811914037,1419.2321671378975,,,105,255.0,1,1
0,16,1187.861457801363,1419.2281508332212,,,106,255.0,1,1
0,17,1187.954179320558,1419.127873188041,,,106,255.0,1,1
0,18,1187.9793129507357,1419.2688777322403,,,105,255.0,1,1
0,19,1187.9260731103407,1419.2918940906384,,,106,255.0,1,1
0,20,1187.9150245175547,1419.2621844850598,,,105,255.0,1,1
0,21,1187.9392768245825,1419.1568841215285,,,106,255.0,1,1
0,22,1187.7921988957182,1419.1379174348801,,,105,255.0,1,1
0,23,1187.91465994429,1419.1689806367433,,,106,255.0,1,1
0,24,1187.9279644614378,1419.3005124227277,,,104,255.0,1,1
0,25,1187.8597109864147,1419.2629057450577,,,105,255.0,1,1
0,26,1187.986389253231,1419.1989423257894,,,105,255.0,1,1
0,27,1187.9754849843657,1419.278910849353,,,106,255.0,1,1
0,28,1187.924166513981,1419.2418511079177,,,106,255.0,1,1
0,29,1187.8712285490712,1419.193354726865,,,105,255.0,1,1
0,30,1187.979229172196,1419.2018040989992,,,106,255.0,1,1
3,1,1241.8268853479651,1417.5978188879842,,,69,171.0,0,1
3,2,1243.2602442177551,1417.4675693456447,,,66,166.0,0,1
3,3,1243.659683251777,1416.9880716377397,,,63,172.0,0,1
3,4,1242.4101918694691,1417.59060015482,,,68,171.0,0,1
3,5,1242.5314835722993,1417.522499125969,,,65,166.0,0,1
3,6,1242.8049110056024,1417.3173069171835,,,68,168.0,0,1
3,7,1242.4017947807426,1417.5633973106208,,,66,164.0,0,1
3,8,1242.6466364888909,1417.7268972671184,,,67,169.0,0,1
3,9,1242.6402545476328,1416.6491176433517,,,71,171.0,0,1
3,10,1243.3393655975217,1417.4385298403117,,,68,168.0,0,1
3,11,1241.7988750073173,1417.3403059559541,,,72,162.0,0,1
3,12,1242.9572173734446,1417.301067280373,,,63,170.0,0,1
3,13,1242.6537419123624,1417.3235845525774,,,68,172.0,0,1
3,14,1242.6332964604312,1417.3281090473647,,,69,169.0,0,1
3,15,1243.1990619524083,1417.3085792648708,,,65,174.0,0,1
3,16,1242.5736100027889,1417.1258891678112,,,68,173.0,0,1
3,17,1243.0286472073249,1418.1733287856264,,,70,168.0,0,1
3,18,1242.988956843326,1417.745072287913,,,68,166.0,0,1
3,19,1241.9880217572113,1417.4658523746696,,,71,173.0,0,1
3,20,1242.567861819099,1417.431419687595,,,67,169.0,0,1
3,21,1243.3054962783986,1417.4734172074877,,,67,175.0,0,1
3,22,1242.8340644573755,1417.7178988688963,,,68,170.0,0,1
3,23,1242.936115152646,1417.6265707727177,,,72,173.0,0,1
3,24,1242.346768894789,1417.3656851478245,,,65,175.0,0,1
3,25,1242.9283864189797,1417.1096882708603,,,67,174.0,0,1
3,26,1242.9049972137188,1417.3447221789081,,,68,171.0,0,1
3,27,1242.3001421079173,1417.7131803706873,,,71,169.0,0,1
3,28,1242.7752090663262,1417.6690022259802,,,71,173.0,0,1
3,29,1242.06924442739,1417.248488543175,,,63,169.0,0,1
3,30,1243.066230198462,1417.4019701057484,,,68,168.0,0,1
6,1,1282.9343374091322,1418.2777622966846,,,77,178.0,0,1
6,2,1283.7639654313796,1418.3197028421127,,,76,182.0,0,1
6,3,1283.6248088475056,1418.113872097775,,,75,180.0,0,1
6,4,1283.8135955044702,1418.0622832793747,,,75,182.0,0,1
6,5,1283.4714232718095,1418.2221225832975,,,76,181.0,0,1
6,6,1283.6989992174763,1418.447853056884,,,78,183.0,0,1
6,7,1284.2462450617497,1418.4110727911234,,,75,182.0,0,1
6,8,1284.1094127796243,1417.8622694343107,,,77,186.0,0,1
6,9,1284.178515997215,1418.1073542552897,,,76,182.0,0,1
6,10,1283.4975364461934,1418.0182408799878,,,75,189.0,0,1
6,11,1283.7467543397079,1418.4369628870486,,,74,185.0,0,1
6,12,1284.130588276883,1417.8897789945104,,,73,187.0,0,1
6,13,1283.6850327834538,1418.1382621954772,,,75,182.0,0,1
6,14,1284.8015311398126,1417.8890943953152,,,76,183.0,0,1
6,15,1283.920630340002,1417.96834997108,,,75,183.0,0,1
6,16,1284.0440225367931,1417.612868653456,,,76,180.0,0,1
6,17,1284.1842987053171,1418.5942549526437,,,77,178.0,0,1
6,18,1283.751102246366,1418.194269748162,,,75,180.0,0,1
6,19,1284.3745449571702,1417.7595027585828,,,74,187.0,0,1
6,20,1284.384947749616,1418.0855827355263,,,75,175.0,0,1
6,21,1284.066762722147,1418.0156041988132,,,76,179.0,0,1
6,22,1284.4732990169987,1418.0482162946628,,,75,183.0,0,1
6,23,1283.8980418372287,1417.7359333996333,,,75,178.0,0,1
6,24,1284.0649788250707,1418.3941416694774,,,75,185.0,0,1
6,25,1283.9534204221934,1418.0497218422154,,,76,176.0,0,1
6,26,1283.3589008531994,1417.9077066644734,,,74,186.0,0,1
6,27,1283.3625036362444,1417.9870445349147,,,76,182.0,0,1
6,28,1284.3562856299136,1418.114779842086,,,74,182.0,0,1
6,29,1284.102001120478,1417.9207820540757,,,74,186.0,0,1
6,30,1284.2906719349824,1418.137350616182,,,74,184.0,0,1
9,1,1334.1868261877212,1418.9128658292204,,,83,190.0,0,1
9,2,1333.7707008566533,1419.2889399468754,,,83,195.0,0,1
9,3,1333.7700766425,1418.9791491985097,,,83,190.0,0,1
9,4,1333.7411362876728,1418.8752761883725,,,83,188.0,0,1
9,5,1333.7890596091363,1419.1097128986926,,,82,195.0,0,1
9,6,1333.818079129069,1419.4894397572536,,,82,192.0,0,1
9,7,1333.7430479408893,1419.1303236619106,,,83,191.0,0,1
9,8,1334.0042821701968,1418.9788230895656,,,83,194.0,0,1
9,9,1333.594085697482,1419.1617758370858,,,82,191.0,0,1
9,10,1333.820884246451,1419.0690416933937,,,83,196.0,0,1
9,11,1333.7831395524909,1418.8642210148068,,,81,192.0,0,1
9,12,1333.0610452570018,1419.18036007458,,,81,187.0,0,1
9,13,1333.9173862163252,1418.8468962034656,,,82,196.0,0,1
9,14,1333.1338284281933,1418.980602297327,,,81,192.0,0,1
9,15,1333.3767492272968,1419.1600545032875,,,84,189.0,0,1
9,16,1334.074346637982,1419.4284699597085,,,82,189.0,0,1
9,17,1333.7143320666855,1419.0621027270472,,,82,193.0,0,1
9,18,1333.2686361592216,1419.1467034806815,,,84,191.0,0,1
9,19,1333.283042842942,1418.9723210043774,,,82,194.0,0,1
9,20,1333.3034529848092,1419.41484532241,,,82,195.0,0,1
9,21,1332.9594876854871,1418.7799485561081,,,83,198.0,0,1
9,22,1334.249954481786,1419.1118886775757,,,82,194.0,0,1
9,23,1333.7481729444764,1418.8954214302316,,,80,195.0,0,1
9,24,1333.3064915542175,1418.7049488638006,,,82,195.0,0,1
9,25,1333.1367222251033,1419.2558661048347,,,83,189.0,0,1
9,26,1333.5813461654545,1419.1252237787608,,,83,191.0,0,1
9,27,1334.2922551278195,1419.014143061709,,,82,191.0,0,1
9,28,1333.6545182443488,1419.0393012087015,,,82,192.0,0,1
9,29,1333.7249343986489,1419.108371189411,,,82,193.0,0,1
9,30,1333.5475437535433,1419.3243105879333,,,82,191.0,0,1
12,1,1377.8124179803888,1421.0166328597224,,,83,201.0,0,1
12,2,1377.5227225201047,1420.8984348085892,,,85,199.0,0,1
12,3,1377.744256596041,1420.6944318680544,,,83,201.0,0,1
12,4,1377.512319074273,1420.585503677104,,,83,207.0,0,1
12,5,1377.8260818062247,1420.999675148325,,,84,205.0,0,1
12,6,1377.8359332183193,1420.797849374464,,,85,207.0,0,1
12,7,1377.5997875796033,1420.9270893842156,,,84,208.0,0,1
12,8,1377.7502312781394,1420.8487954244174,,,84,210.0,0,1
12,9,1377.6361936253456,1420.7300053394983,,,85,205.0,0,1
12,10,1377.6789576592523,1420.6306104643224,,,85,206.0,0,1
12,11,1377.8962962714213,1420.514813517671,,,83,203.0,0,1
12,12,1377.183370943379,1420.6416807130945,,,84,207.0,0,1
12,13,1377.7260997701565,1420.7799231737965,,,85,202.0,0,1
12,14,1378.0656592375803,1420.8087792484503,,,85,207.0,0,1
12,15,1377.603333516338,1420.6653690611708,,,85,207.0,0,1
12,16,1377.4691242287481,1420.707261201784,,,84,207.0,0,1
12,17,1377.6985228666304,1421.0674842596188,,,84,202.0,0,1
12,18,1378.007884678228,1420.774785756104,,,85,204.0,0,1
12,19,1377.728297743452,1420.8991518676444,,,85,201.0,0,1
12,20,1377.4986143188655,1420.889228823305,,,85,210.0,0,1
12,21,1378.336271041011,1420.3523442672665,,,86,207.0,0,1
12,22,1377.7600290222733,1420.9950536029219,,,85,205.0,0,1
12,23,1377.507818776061,1420.705184949841,,,84,211.0,0,1
12,24,1377.894634248849,1420.9713551031,,,85,202.0,0,1
12,25,1378.223305800736,1420.6180446590847,,,84,206.0,0,1
12,26,1377.2641687551486,1420.8412036659302,,,84,211.0,0,1
12,27,1377.444713656685,1420.9005681765943,,,84,206.0,0,1
12,28,1377.3343106731952,1421.1223845456327,,,84,209.0,0,1
12,29,1377.658970113933,1420.7645352633606,,,84,212.0,0,1
12,30,1377.927113145129,1420.6865163605275,,,85,207.0,0,1
15,1,1440.323012452151,1419.2771726450214,,,81,185.0,0,1
15,2,1441.0439900817512,1419.1882498290984,,,81,185.0,0,1
15,3,1439.5535727836939,1419.0834235331931,,,79,182.0,0,1
15,4,1439.7289304290407,1419.2497364425258,,,80,189.0,0,1
15,5,1440.5617783920175,1418.809384452777,,,79,182.0,0,1
15,6,1440.248349799177,1419.797929391945,,,81,182.0,0,1
15,7,1440.3118267987127,1418.9079364459276,,,79,183.0,0,1
15,8,1439.911498019551,1418.994518156368,,,81,185.0,0,1
15,9,1440.129718539184,1419.4250644615777,,,79,184.0,0,1
15,10,1440.0856761692105,1419.349095094554,,,82,183.0,0,1
15,11,1441.5694146339058,1418.8618437288455,,,79,188.0,0,1
15,12,1439.9717102378404,1419.3394100432702,,,80,183.0,0,1
15,13,1440.5945225550538,1419.25439948321,,,81,181.0,0,1
15,14,1439.099921358526,1419.373125585407,,,81,178.0,0,1
15,15,1440.7139447513573,1419.2967327643953,,,81,185.0,0,1
15,16,1441.1395888192937,1418.973853699356,,,78,196.0,0,1
15,17,1441.1767510705756,1419.5985862467412,,,79,190.0,0,1
15,18,1440.2262529917798,1419.0651805412954,,,79,182.0,0,1
15,19,1439.8302858969882,1419.3967527691648,,,81,179.0,0,1
15,20,1439.482891358745,1418.9859856083044,,,80,184.0,0,1
15,21,1440.8470429395222,1419.5308470213702,,,82,183.0,0,1
15,22,1440.2113810489404,1419.4153739895658,,,80,188.0,0,1
15,23,1441.1760060635695,1419.1473953529662,,,79,186.0,0,1
15,24,1440.4256517032231,1419.0554018799203,,,79,185.0,0,1
15,25,1439.7086333191564,1419.2975709360212,,,78,181.0,0,1
15,26,1441.1333310898613,1419.0197477620181,,,79,186.0,0,1
15,27,1440.084735108254,1419.6649107615413,,,80,184.0,0,1
15,28,1440.8610705901897,1418.7129793337067,,,80,188.0,0,1
15,29,1439.6440219070578,1419.478295366278,,,81,185.0,0,1
15,30,1440.9070051141732,1419.4177836799238,,,80,189.0,0,1
18,1,1488.685770045669,1421.7605954156538,,,83,194.0,0,1
18,2,1488.2252342829274,1422.237497322751,,,83,188.0,0,1
18,3,1489.1951251575344,1422.0732183415103,,,83,190.0,0,1
18,4,1489.5067137912308,1422.0645662315549,,,82,185.0,0,1
18,5,1489.3553390285592,1421.8770028103213,,,83,188.0,0,1
18,6,1489.431336069395,1421.9535912886777,,,82,191.0,0,1
18,7,1489.18064879136,1421.7840346210119,,,84,185.0,0,1
18,8,1488.9810151882562,1421.8688198696545,,,83,186.0,0,1
18,9,1489.2486654437205,1422.0410845175138,,,82,188.0,0,1
18,10,1488.5095132651709,1422.0262015859448,,,80,187.0,0,1
18,11,1488.6968685178663,1421.8227764847625,,,86,188.0,0,1
18,12,1488.6445688092667,1421.804375592523,,,82,190.0,0,1
18,13,1488.4077297134158,1421.7450564053943,,,81,188.0,0,1
18,14,1488.91647977019,1421.9119527969767,,,83,190.0,0,1
18,15,1488.9566080292575,1421.8145135897485,,,84,193.0,0,1
18,16,1488.9253537528589,1421.6156084377849,,,83,193.0,0,1
18,17,1489.0052320310845,1421.7790986304278,,,83,187.0,0,1
18,18,1488.8968712978722,1421.898583383146,,,82,189.0,0,1
18,19,1489.244609513835,1422.0568010203838,,,82,193.0,0,1
18,20,1488.0755817544764,1422.2268649233445,,,82,186.0,0,1
18,21,1489.291704880401,1422.2198943960323,,,85,192.0,0,1
18,22,1488.9430660785797,1421.9163127935683,,,83,188.0,0,1
18,23,1488.9099859949815,1421.7023027972232,,,84,193.0,0,1
18,24,1488.9468839540611,1421.8159312868404,,,82,195.0,0,1
18,25,1489.4922884657585,1421.489417500546,,,80,197.0,0,1
18,26,1488.954784958914,1422.0015963088845,,,81,198.0,0,1
18,27,1488.9201566019365,1421.8353285670178,,,81,195.0,0,1
18,28,1489.3981758123903,1422.012857744943,,,83,194.0,0,1
18,29,1488.64515107025,1422.1032238321325,,,83,186.0,0,1
18,30,1489.0337554557823,1422.132189638368,,,81,191.0,0,1
21,1,1551.1503381761918,1422.0218132036573,,,92,215.0,0,1
21,2,1551.217379212421,1421.9889153069894,,,90,208.0,0,1
21,3,1551.781807461075,1422.3294838971144,,,90,209.0,0,1
21,4,1551.2181946283054,1422.3071937435477,,,91,213.0,0,1
21,5,1551.175903014649,1422.2178240951723,,,90,209.0,0,1
21,6,1551.1294239443841,1422.1890952005995,,,90,207.0,0,1
21,7,1551.3056714012962,1422.0631942133502,,,91,211.0,0,1
21,8,1551.1984370830655,1422.4141870490714,,,90,210.0,0,1
21,9,1551.1039275691119,1422.6507455107342,,,91,208.0,0,1
21,10,1551.2144935853094,1422.1645043727442,,,90,211.0,0,1
21,11,1550.7732990685083,1422.339923937574,,,90,211.0,0,1
21,12,1550.9332174077026,1422.3155716573474,,,90,206.0,0,1
21,13,1551.1893091086304,1421.8242468429605,,,90,207.0,0,1
21,14,1550.9005391046626,1422.259521459208,,,90,208.0,0,1
21,15,1551.3353987626542,1422.365298473855,,,91,206.0,0,1
21,16,1551.0198312124367,1422.3215058746168,,,91,209.0,0,1
21,17,1551.7216901464221,1422.2277588704271,,,90,209.0,0,1
21,18,1551.5007950835757,1422.1190544441715,,,90,208.0,0,1
21,19,1551.2952362368942,1422.2337702822642,,,91,208.0,0,1
21,20,1551.930417901095,1422.1536933568545,,,91,211.0,0,1
21,21,1551.6094294671461,1422.0406944937922,,,90,208.0,0,1
21,22,1551.4078229326685,1422.4564005378604,,,91,208.0,0,1
21,23,1551.1771232859674,1422.2665935619675,,,91,207.0,0,1
21,24,1551.6238407366004,1422.015831755888,,,90,205.0,0,1
21,25,1551.8668079237486,1422.0384467810711,,,91,211.0,0,1
21,26,1551.6979288352509,1422.053914082618,,,91,208.0,0,1
21,27,1551.6121438509015,1421.9543502582253,,,90,211.0,0,1
21,28,1551.9347713764123,1422.0093196010084,,,91,213.0,0,1
21,29,1552.4390298752971,1421.7816312126436,,,89,210.0,0,1
21,30,1551.6829883516998,1421.7656337757292,,,92,215.0,0,1
24,1,1613.218954462191,1423.2929835955363,,,92,217.0,0,1
24,2,1612.9301840621197,1422.681236290517,,,91,212.0,0,1
24,3,1613.1272790412745,1422.6791572840814,,,91,221.0,0,1
24,4,1613.204116460237,1423.194653478897,,,91,209.0,0,1
24,5,1613.3922538468564,1422.808977973967,,,94,209.0,0,1
24,6,1612.9095539521204,1422.950125679445,,,92,211.0,0,1
24,7,1613.078708060986,1422.982362806056,,,93,211.0,0,1
24,8,1612.9636956064965,1423.1053033228677,,,92,214.0,0,1
24,9,1613.049179829734,1423.1418878758861,,,92,210.0,0,1
24,10,1613.0719164162617,1423.2721995016286,,,92,217.0,0,1
24,11,1613.193594427642,1422.950027633718,,,90,211.0,0,1
24,12,1612.5868236448803,1423.1739273524922,,,93,211.0,0,1
24,13,1612.7629406360084,1423.1142235020047,,,93,217.0,0,1
24,14,1613.1060353383186,1423.1611594197511,,,92,214.0,0,1
24,15,1612.6398994016304,1422.9796499980955,,,92,210.0,0,1
24,16,1612.9290001965824,1423.2704166896601,,,93,212.0,0,1
24,17,1613.5874167241318,1422.9929695355765,,,93,217.0,0,1
24,18,1612.9729564018253,1422.8172835660168,,,92,211.0,0,1
24,19,1613.6310956987004,1422.8971315520498,,,93,209.0,0,1
24,20,1612.9922220776698,1423.2803322787554,,,91,207.0,0,1
24,21,1613.005034145544,1423.1841886808827,,,93,208.0,0,1
24,22,1614.6047835257332,1422.402797430893,,,91,214.0,0,0
24,23,1614.303964779298,1422.468554431691,,,93,211.0,0,1
24,24,1614.4302885622055,1422.66933178275,,,91,222.0,0,0
24,25,1615.2925339298613,1422.3219021743384,,,92,212.0,0,0
24,26,1614.7778398767891,1422.3579167376615,,,92,218.0,0,0
24,27,1615.911491626311,1422.2461760205888,,,89,219.0,0,0
24,28,1614.9862734827816,1422.120175254599,,,92,215.0,0,0
24,29,1614.9732971972758,1422.272256468046,,,91,214.0,0,0
24,30,1614.6403326971379,1422.232145234717,,,90,215.0,0,0
27,1,1679.323651690584,1423.9791271936583,,,98,143.0,0,1
27,2,1678.6421438796901,1424.6661857865538,,,98,144.0,0,1
27,3,1680.3766283946038,1424.037953191908,,,97,143.0,0,1
27,4,1678.2355955887717,1424.1650960784764,,,99,141.0,0,1
27,5,1678.4400696625285,1423.9707718779675,,,99,145.0,0,1
27,6,1678.6457567582333,1423.7955119257942,,,100,139.0,0,1
27,7,1679.3586915629894,1424.4914837414053,,,98,145.0,0,1
27,8,1679.8973068067503,1423.7309642489108,,,98,145.0,0,1
27,9,1678.991031862336,1424.2337004934172,,,98,147.0,0,1
27,10,1679.1479851004124,1424.3409464182728,,,99,143.0,0,1
27,11,1679.0079716779292,1424.0455886040659,,,99,147.0,0,1
27,12,1678.750118147741,1423.9539049919383,,,96,150.0,0,1
27,13,1679.6711481112557,1423.928211888184,,,96,145.0,0,1
27,14,1679.1801763232738,1424.0534737692367,,,97,161.0,0,1
27,15,1678.2346067289905,1423.81856645561,,,100,143.0,0,1
27,16,1677.5588934043337,1424.0511875632867,,,99,144.0,0,1
27,17,1678.7422004881328,1424.1328931251528,,,100,140.0,0,1
27,18,1679.2942174701543,1424.633426926854,,,98,150.0,0,1
27,19,1679.1682990794202,1423.284830599795,,,97,145.0,0,1
27,20,1679.2004349351378,1423.7211415766433,,,99,147.0,0,1
27,21,1678.6318696863577,1423.8629906624058,,,98,142.0,0,1
27,22,1678.7613689710652,1423.8528040061792,,,97,146.0,0,1
27,23,1678.7131095312966,1424.378812680585,,,96,146.0,0,1
27,24,1679.2225538136527,1424.209277740958,,,99,150.0,0,1
27,25,1678.013111000239,1423.6968817488194,,,100,140.0,0,1
27,26,1678.754034394985,1423.7901310642787,,,100,144.0,0,1
27,27,1679.3573259079149,1423.9353030929647,,,97,141.0,0,1
27,28,1679.4391134431567,1423.4492660824424,,,97,152.0,0,1
27,29,1679.746487840395,1424.2861820433895,,,96,145.0,0,1
27,30,1679.216347601775,1423.873116629632,,,98,146.0,0,1
30,1,1741.286518700404,1425.2526750367188,,,98,187.0,0,1
30,2,1741.7786125904881,1425.2058018033242,,,98,181.0,0,1
30,3,1742.0065347769066,1424.9111496591347,,,96,180.0,0,1
30,4,1742.4041418194338,1425.4599283847997,,,98,188.0,0,1
30,5,1741.2721576565577,1425.0953606272822,,,98,187.0,0,1
30,6,1741.8242680336962,1425.152592181168,,,99,191.0,0,1
30,7,1741.655520975556,1424.9578341265797,,,99,191.0,0,1
30,8,1741.5955372436592,1425.2158691167538,,,98,191.0,0,1
30,9,1741.9264628004419,1425.1215913669132,,,97,188.0,0,1
30,10,1742.008966205078,1425.1652395765798,,,99,186.0,0,1
30,11,1742.3641354226638,1424.7899490415346,,,97,188.0,0,1
30,12,1742.027631513422,1425.0205241667743,,,95,181.0,0,1
30,13,1741.5783585974011,1425.032255675725,,,98,184.0,0,1
30,14,1741.4209217259208,1424.6889839022851,,,98,190.0,0,1
30,15,1741.5151623426145,1424.9430854779457,,,96,187.0,0,1
30,16,1740.766055729167,1425.079538467982,,,98,188.0,0,1
30,17,1740.8681769187326,1425.2130977909571,,,98,185.0,0,1
30,18,1741.7708996032875,1425.1758086699547,,,97,185.0,0,1
30,19,1741.2971803839198,1424.7159809384543,,,100,187.0,0,1
30,20,1741.2063358223863,1424.8487399685882,,,98,183.0,0,1
30,21,1741.4454755250126,1424.890421776404,,,98,202.0,0,1
30,22,1741.3904764965573,1425.4197797703368,,,96,182.0,0,1
30,23,1741.0122219512082,1425.106184478534,,,96,186.0,0,1
30,24,1741.5880257926342,1425.2170950507846,,,99,188.0,0,1
30,25,1740.7089193029012,1425.2381763871658,,,98,185.0,0,1
30,26,1741.8963086876274,1424.5744343609626,,,97,187.0,0,1
30,27,1740.5055809364162,1425.0623822565317,,,97,189.0,0,1
30,28,1741.4753744695695,1425.2011986809143,,,99,191.0,0,1
30,29,1741.3564274562964,1424.5255268042988,,,98,188.0,0,1
30,30,1740.8914947196808,1424.4479989593247,,,99,186.0,0,1
34,1,1851.0585584409573,1425.4623399817772,,,96,149.0,0,1
34,2,1850.2154596938428,1425.3543376371158,,,93,146.0,0,1
34,3,1849.7449099506953,1425.050163371456,,,95,145.0,0,1
34,4,1849.8831931477296,1425.1544493252384,,,95,164.0,0,1
34,5,1849.1821838023811,1425.4922368252999,,,99,146.0,0,1
34,6,1850.3044079399651,1425.0525452890247,,,93,147.0,0,1
34,7,1850.5507955715752,1424.0291870275335,,,95,148.0,0,1
34,8,1849.0029720449015,1425.4667257958693,,,96,144.0,0,1
34,9,1850.9481915302658,1424.8097180360182,,,95,149.0,0,1
34,10,1850.8686031389443,1424.4924938162826,,,96,159.0,0,1
34,11,1850.0955474367051,1425.2116874616481,,,95,144.0,0,1
34,12,1848.9848557458672,1424.503875713037,,,99,144.0,0,1
34,13,1848.9154409875325,1425.8197781550562,,,94,143.0,0,1
34,14,1850.1876687357121,1424.7053631968065,,,97,158.0,0,1
34,15,1850.7152303030252,1425.1696204193581,,,96,151.0,0,1
34,16,1850.7028538679015,1424.864922331299,,,93,156.0,0,1
34,17,1849.7674332947863,1425.7760574823421,,,97,152.0,0,1
34,18,1849.490429969966,1425.3033374415127,,,98,148.0,0,1
34,19,1849.41998314159,1425.1145007581229,,,98,146.0,0,1
34,20,1850.2403095369905,1424.9958287236218,,,96,151.0,0,1
34,21,1849.1921647069285,1425.5417672388903,,,98,149.0,0,1
34,22,1849.2515676406629,1425.6406098937616,,,99,141.0,0,1
34,23,1849.6690611874142,1424.880926574104,,,101,142.0,0,1
34,24,1849.8680993033004,1425.1057685228295,,,95,146.0,0,1
34,25,1849.1755713271773,1426.0569569624113,,,95,143.0,0,1
34,26,1849.0522824717336,1425.1178165110093,,,96,146.0,0,1
34,27,1850.512525283867,1425.22135936021,,,93,147.0,0,1
34,28,1849.7081330302008,1425.847791082711,,,93,150.0,0,1
34,29,1849.31462589794,1425.2331583905682,,,98,141.0,0,1
34,30,1849.0899242778444,1425.1155102704029,,,95,144.0,0,1
40,1,2029.6322173918943,1424.9713698762405,,,102,177.0,0,1
40,2,2027.5230810660319,1425.9269010806786,,,103,166.0,0,1
40,3,2028.3161644216912,1425.5992334602652,,,104,165.0,0,1
40,4,2028.7509571095147,1424.5557338122546,,,101,165.0,0,1
40,5,2029.4599616027022,1425.971059081429,,,105,168.0,0,1
40,6,2030.9127442694419,1425.1460513628458,,,102,170.0,0,1
40,7,2028.6747766094293,1425.1102404091907,,,102,168.0,0,1
40,8,2029.465497607139,1424.5260234019015,,,103,183.0,0,1
40,9,2029.808165989786,1424.7681923283023,,,102,171.0,0,1
40,10,2027.6716538243031,1424.7866148861526,,,103,170.0,0,1
40,11,2028.87792060774,1424.9898063256232,,,103,164.0,0,1
40,12,2023.969096613606,1426.7228885704517,,,105,163.0,0,1
40,13,2022.948052473354,1425.7674203689644,,,103,163.0,0,1
40,14,2022.268875134289,1426.0435104613257,,,105,159.0,0,1
40,15,2021.0966208904597,1426.1258609017812,,,105,157.0,0,1
40,16,2021.825201701616,1426.1236439680786,,,105,156.0,0,1
40,17,2021.8086699038183,1426.5070042413536,,,106,163.0,0,1
40,18,2021.077037745149,1425.6307119130831,,,106,158.0,0,1
40,19,2025.153200415712,1424.8080186534262,,,100,188.0,0,1
40,20,2022.8782879595956,1424.673465117426,,,103,172.0,0,1
40,21,2022.4030474359681,1425.385043307861,,,102,171.0,0,1
40,22,2020.4732003878412,1425.2504775384891,,,105,161.0,0,1
40,23,2021.2303215143083,1425.2731190131508,,,103,174.0,0,1
40,24,2021.8170900457637,1424.9755835654532,,,104,172.0,0,1
40,25,2023.353714520542,1424.8967135977955,,,104,164.0,0,1
40,26,2024.513268702705,1426.0097483448048,,,100,168.0,0,1
40,27,2022.5757745488897,1425.175282180215,,,104,167.0,0,1
40,28,2021.8848494412516,1424.6589502351512,,,101,169.0,0,1
40,29,2022.22802654811,1426.4481898831277,,,105,169.0,0,1
40,30,2023.6352407737272,1425.5705136966737,,,102,179.0,0,1
46,1,2204.2824597634717,1428.5069056178058,,,105,160.0,0,1
46,2,2205.4866265374812,1429.3723426864155,,,105,157.0,0,1
46,3,2205.419932692904,1429.553304704825,,,102,161.0,0,1
46,4,2205.032653502471,1429.7094838667388,,,107,163.0,0,1
46,5,2204.402055599589,1429.2187400527678,,,107,167.0,0,1
46,6,2204.003265983867,1429.09590321349,,,106,159.0,0,1
46,7,2204.008279273019,1429.6313764965753,,,106,161.0,0,1
46,8,2203.3880238414436,1429.050423048511,,,105,158.0,0,1
46,9,2203.865552423343,1429.3738479465444,,,106,166.0,0,1
46,10,2202.87594156858,1429.5119064908838,,,105,164.0,0,1
46,11,2204.394315768352,1430.1654802234018,,,103,165.0,0,1
46,12,2203.6911199254255,1429.5792496427036,,,106,164.0,0,1
46,13,2205.221227833603,1428.3206298632804,,,107,162.0,0,1
46,14,2204.2344446052325,1429.3012867232485,,,106,159.0,0,1
46,15,2204.917543369517,1429.9786170435268,,,105,165.0,0,1
46,16,2204.5371468003345,1428.8140078353208,,,106,157.0,0,1
46,17,2204.69452865126,1428.6418979400196,,,104,163.0,0,1
46,18,2203.0699271245076,1428.7467861951002,,,104,160.0,0,1
46,19,2204.659033134343,1428.3264863768973,,,105,168.0,0,1
46,20,2205.0958717145754,1429.0181816413094,,,106,168.0,0,1
46,21,2205.102588392576,1428.7939573435974,,,105,168.0,0,1
46,22,2202.6251608681996,1429.5437734908405,,,106,162.0,0,1
46,23,2204.673830164691,1428.9195629545522,,,102,167.0,0,1
46,24,2205.0060220289583,1429.1785492563329,,,104,166.0,0,1
46,25,2204.0161276427016,1429.3235263166778,,,106,166.0,0,1
46,26,2203.4139126477703,1428.8971310898285,,,103,160.0,0,1
46,27,2204.3756630561275,1428.6416270436127,,,104,158.0,0,1
46,28,2203.798120355008,1429.6363155877195,,,105,159.0,0,1
46,29,2203.7625582380097,1429.4681068642515,,,107,157.0,0,1
46,30,2203.6033379854075,1429.96181766043,,,104,164.0,0,1
50,1,2343.24926368674,1428.2579650908601,,,112,186.0,0,1
50,2,2344.6866809772573,1428.6413521740326,,,111,183.0,0,1
50,3,2344.5641147706783,1428.533147013895,,,109,194.0,0,1
50,4,2343.9372750485954,1428.57092523087,,,111,184.0,0,1
50,5,2344.246013734418,1428.7137501313887,,,111,188.0,0,1
50,6,2344.097914956127,1427.9100227484955,,,110,188.0,0,1
50,7,2343.8128159955395,1428.4815074815735,,,107,185.0,0,1
50,8,2342.999237506171,1428.6060932658138,,,110,186.0,0,1
50,9,2343.6339064389676,1428.627981640116,,,113,187.0,0,1
50,10,2344.0387347713713,1428.1749480236065,,,111,192.0,0,1
50,11,2345.4237002727486,1428.229233320751,,,112,190.0,0,1
50,12,2344.2128663817793,1427.7289590395415,,,108,187.0,0,1
50,13,2343.6376615150602,1428.506759516879,,,111,186.0,0,1
50,14,2345.3446249593026,1428.4043271716255,,,107,196.0,0,1
50,15,2345.7713305341686,1428.5904075636656,,,112,190.0,0,1
50,16,2345.1597219454425,1427.4664665564887,,,110,192.0,0,1
50,17,2342.5060660338395,1428.1360085225551,,,109,184.0,0,1
50,18,2344.081944089702,1428.041559036521,,,111,186.0,0,1
50,19,2344.410922078544,1427.9125642611368,,,110,185.0,0,1
50,20,2343.732710880452,1428.6209591675554,,,111,187.0,0,1
50,21,2344.6772870466534,1428.5969555081067,,,108,192.0,0,1
50,22,2345.4924573257194,1427.2000157055168,,,111,192.0,0,1
50,23,2344.139698077878,1428.4183959559828,,,111,186.0,0,1
50,24,2345.0514434635948,1428.5866680788008,,,108,186.0,0,1
50,25,2343.7430735989356,1428.2759016454622,,,111,187.0,0,1
50,26,2344.279017982608,1428.56434091847,,,109,185.0,0,1
50,27,2343.947418229807,1428.3675275748258,,,110,186.0,0,1
50,28,2342.7739019932083,1428.1952715970938,,,113,192.0,0,1
50,29,2343.977718133943,1428.7994465612487,,,111,189.0,0,1
50,30,2342.7216624794896,1428.8688324375341,,,115,200.0,0,1
